Date,1 mo,2 mo,3 mo,6 mo,1 yr,2 yr,3 yr,5 yr,7 yr,10 yr,20 yr,30 yr
01/02/20,1.53,1.55,1.54,1.57,1.56,1.58,1.59,1.67,1.79,1.88,2.19,2.33
01/03/20,1.52,1.55,1.52,1.55,1.55,1.53,1.54,1.59,1.71,1.80,2.11,2.26
01/06/20,1.54,1.54,1.56,1.56,1.54,1.54,1.56,1.61,1.72,1.81,2.13,2.28
01/07/20,1.52,1.53,1.54,1.56,1.53,1.54,1.55,1.62,1.74,1.83,2.16,2.31
01/08/20,1.50,1.53,1.54,1.56,1.55,1.58,1.61,1.67,1.78,1.87,2.21,2.35
01/09/20,1.53,1.55,1.54,1.56,1.54,1.58,1.59,1.65,1.77,1.85,2.17,2.38
01/10/20,1.52,1.55,1.54,1.55,1.53,1.56,1.59,1.63,1.74,1.83,2.14,2.28
01/13/20,1.54,1.56,1.57,1.57,1.53,1.58,1.60,1.65,1.76,1.85,2.16,2.30
01/14/20,1.53,1.56,1.57,1.57,1.53,1.58,1.59,1.63,1.74,1.82,2.12,2.27
01/15/20,1.53,1.56,1.57,1.58,1.54,1.56,1.56,1.60,1.71,1.79,2.09,2.23
01/16/20,1.54,1.56,1.55,1.56,1.54,1.58,1.58,1.63,1.73,1.81,2.11,2.26
01/17/20,1.54,1.56,1.56,1.57,1.56,1.58,1.56,1.63,1.74,1.84,2.16,2.29
01/21/20,1.52,1.54,1.56,1.57,1.54,1.53,1.53,1.57,1.69,1.78,2.10,2.23
01/22/20,1.52,1.53,1.55,1.56,1.55,1.53,1.52,1.57,1.68,1.77,2.07,2.22
01/23/20,1.55,1.57,1.55,1.56,1.55,1.51,1.51,1.55,1.65,1.74,2.03,2.18
01/24/20,1.54,1.55,1.54,1.55,1.55,1.49,1.48,1.51,1.61,1.70,2.00,2.14
01/27/20,1.53,1.55,1.55,1.57,1.53,1.44,1.41,1.44,1.52,1.61,1.91,2.05
01/28/20,1.53,1.57,1.57,1.58,1.53,1.45,1.45,1.47,1.56,1.65,1.95,2.10
01/29/20,1.52,1.55,1.56,1.57,1.51,1.42,1.39,1.41,1.51,1.60,1.89,2.05
01/30/20,1.59,1.58,1.57,1.57,1.48,1.41,1.37,1.39,1.49,1.57,1.88,2.04
01/31/20,1.56,1.57,1.55,1.54,1.45,1.33,1.30,1.32,1.42,1.51,1.83,1.99
02/03/20,1.56,1.57,1.57,1.56,1.46,1.36,1.34,1.35,1.45,1.54,1.84,2.01
02/04/20,1.55,1.57,1.57,1.57,1.48,1.41,1.40,1.42,1.52,1.61,1.91,2.08
02/05/20,1.55,1.56,1.57,1.57,1.49,1.44,1.43,1.46,1.57,1.66,1.97,2.14
02/06/20,1.59,1.59,1.57,1.58,1.51,1.44,1.43,1.45,1.56,1.65,1.94,2.11
02/07/20,1.57,1.58,1.56,1.57,1.49,1.41,1.39,1.41,1.51,1.59,1.89,2.05
02/10/20,1.58,1.58,1.58,1.58,1.45,1.37,1.36,1.38,1.47,1.56,1.87,2.03
02/11/20,1.57,1.58,1.57,1.55,1.48,1.41,1.39,1.40,1.50,1.59,1.89,2.05
02/12/20,1.57,1.59,1.58,1.56,1.49,1.44,1.42,1.45,1.55,1.62,1.93,2.09
02/13/20,1.59,1.59,1.59,1.56,1.48,1.44,1.42,1.43,1.53,1.61,1.91,2.07
02/14/20,1.60,1.60,1.58,1.56,1.49,1.42,1.40,1.42,1.51,1.59,1.89,2.04
02/18/20,1.61,1.60,1.58,1.56,1.47,1.41,1.37,1.39,1.48,1.55,1.85,2.00
02/19/20,1.61,1.61,1.58,1.56,1.47,1.42,1.39,1.41,1.50,1.56,1.86,2.01
02/20/20,1.61,1.60,1.58,1.55,1.46,1.39,1.35,1.37,1.45,1.52,1.81,1.97
02/21/20,1.60,1.60,1.56,1.53,1.43,1.34,1.30,1.30,1.39,1.46,1.75,1.90
02/24/20,1.60,1.59,1.53,1.49,1.35,1.26,1.21,1.21,1.30,1.38,1.68,1.84
02/25/20,1.59,1.58,1.53,1.47,1.30,1.20,1.16,1.16,1.25,1.33,1.63,1.80
02/26/20,1.59,1.56,1.53,1.42,1.26,1.16,1.14,1.14,1.25,1.33,1.64,1.81
02/27/20,1.56,1.53,1.45,1.33,1.18,1.11,1.08,1.11,1.22,1.30,1.61,1.79
02/28/20,1.45,1.37,1.27,1.11,0.97,0.86,0.85,0.89,1.03,1.13,1.46,1.65
03/02/20,1.41,1.27,1.13,0.95,0.89,0.84,0.85,0.88,1.01,1.10,1.46,1.66
03/03/20,1.11,1.05,0.95,0.83,0.73,0.71,0.72,0.77,0.91,1.02,1.44,1.64
03/04/20,1.00,0.87,0.72,0.68,0.59,0.67,0.68,0.75,0.90,1.02,1.45,1.67
03/05/20,0.92,0.83,0.62,0.53,0.48,0.59,0.61,0.67,0.81,0.92,1.34,1.56
03/06/20,0.79,0.64,0.45,0.41,0.39,0.49,0.53,0.58,0.69,0.74,1.09,1.25
03/09/20,0.57,0.52,0.33,0.27,0.31,0.38,0.40,0.46,0.56,0.54,0.87,0.99
03/10/20,0.57,0.55,0.44,0.43,0.43,0.50,0.58,0.63,0.73,0.76,1.16,1.28
03/11/20,0.42,0.42,0.42,0.40,0.40,0.50,0.58,0.66,0.78,0.82,1.13,1.30
03/12/20,0.41,0.33,0.33,0.37,0.39,0.50,0.58,0.66,0.82,0.88,1.27,1.49
03/13/20,0.33,0.30,0.28,0.38,0.38,0.49,0.58,0.70,0.89,0.94,1.31,1.56
03/16/20,0.25,0.25,0.24,0.29,0.29,0.36,0.43,0.49,0.67,0.73,1.10,1.34
03/17/20,0.12,0.18,0.19,0.24,0.30,0.47,0.54,0.66,0.91,1.02,1.45,1.63
03/18/20,0.04,0.03,0.02,0.08,0.21,0.54,0.66,0.79,1.08,1.18,1.60,1.77
03/19/20,0.04,0.04,0.04,0.06,0.20,0.44,0.53,0.66,1.00,1.12,1.56,1.78
03/20/20,0.04,0.05,0.05,0.05,0.15,0.37,0.41,0.52,0.82,0.92,1.35,1.55
03/23/20,0.01,0.04,0.02,0.08,0.17,0.28,0.31,0.38,0.63,0.76,1.12,1.33
03/24/20,0.01,0.01,0.01,0.09,0.25,0.38,0.44,0.52,0.75,0.84,1.19,1.39
03/25/20,0.00,0.00,0.00,0.07,0.19,0.34,0.41,0.56,0.77,0.88,1.23,1.45
03/26/20,0.01,0.01,0.00,0.04,0.13,0.30,0.36,0.51,0.72,0.83,1.20,1.42
03/27/20,0.01,0.03,0.03,0.02,0.11,0.25,0.30,0.41,0.60,0.72,1.09,1.29
03/30/20,0.04,0.07,0.12,0.12,0.14,0.23,0.29,0.39,0.57,0.70,1.10,1.31
03/31/20,0.05,0.12,0.11,0.15,0.17,0.23,0.29,0.37,0.55,0.70,1.15,1.35
04/01/20,0.03,0.07,0.09,0.14,0.16,0.23,0.28,0.37,0.51,0.62,1.04,1.27
04/02/20,0.09,0.10,0.09,0.15,0.14,0.23,0.29,0.39,0.53,0.63,1.04,1.26
04/03/20,0.09,0.11,0.10,0.15,0.15,0.23,0.30,0.39,0.52,0.62,1.05,1.24
04/06/20,0.09,0.13,0.15,0.17,0.20,0.27,0.35,0.44,0.58,0.67,1.08,1.27
04/07/20,0.10,0.13,0.14,0.20,0.20,0.28,0.36,0.48,0.64,0.75,1.13,1.32
04/08/20,0.14,0.17,0.22,0.24,0.23,0.27,0.34,0.47,0.65,0.77,1.18,1.37
04/09/20,0.20,0.27,0.25,0.24,0.25,0.23,0.29,0.41,0.60,0.73,1.15,1.35
04/13/20,0.17,0.29,0.26,0.27,0.27,0.25,0.31,0.44,0.63,0.76,1.19,1.39
04/14/20,0.17,0.19,0.20,0.24,0.25,0.23,0.29,0.42,0.61,0.76,1.19,1.41
04/15/20,0.14,0.15,0.14,0.19,0.19,0.20,0.24,0.34,0.49,0.63,1.06,1.27
04/16/20,0.14,0.15,0.14,0.18,0.17,0.20,0.25,0.35,0.50,0.61,1.01,1.21
04/17/20,0.12,0.12,0.12,0.16,0.16,0.20,0.26,0.36,0.53,0.65,1.08,1.27
04/20/20,0.10,0.10,0.12,0.15,0.15,0.20,0.26,0.35,0.51,0.63,1.04,1.23
04/21/20,0.08,0.08,0.11,0.14,0.17,0.20,0.24,0.34,0.48,0.58,0.98,1.17
04/22/20,0.09,0.09,0.12,0.14,0.16,0.22,0.26,0.37,0.52,0.63,1.03,1.22
04/23/20,0.09,0.12,0.11,0.14,0.17,0.22,0.26,0.37,0.51,0.61,0.99,1.18
04/24/20,0.10,0.11,0.12,0.14,0.18,0.22,0.26,0.36,0.51,0.60,0.98,1.17
04/27/20,0.09,0.13,0.12,0.15,0.17,0.24,0.29,0.41,0.56,0.67,1.06,1.25
04/28/20,0.08,0.09,0.11,0.13,0.16,0.20,0.26,0.37,0.52,0.62,1.00,1.20
04/29/20,0.10,0.09,0.10,0.12,0.18,0.20,0.24,0.36,0.52,0.63,1.02,1.24
04/30/20,0.10,0.10,0.09,0.11,0.16,0.20,0.24,0.36,0.53,0.64,1.05,1.28
05/01/20,0.10,0.11,0.12,0.12,0.17,0.20,0.25,0.36,0.53,0.64,1.04,1.27
05/04/20,0.10,0.10,0.13,0.14,0.16,0.19,0.24,0.36,0.52,0.64,1.05,1.29
05/05/20,0.09,0.11,0.13,0.15,0.16,0.19,0.24,0.36,0.53,0.66,1.07,1.32
05/06/20,0.08,0.10,0.12,0.16,0.16,0.17,0.24,0.37,0.57,0.72,1.16,1.41
05/07/20,0.10,0.11,0.11,0.14,0.15,0.13,0.19,0.29,0.49,0.63,1.05,1.31
05/08/20,0.10,0.11,0.12,0.15,0.15,0.16,0.21,0.33,0.53,0.69,1.12,1.39
05/11/20,0.09,0.11,0.12,0.16,0.16,0.17,0.24,0.36,0.56,0.73,1.16,1.43
05/12/20,0.10,0.11,0.13,0.16,0.16,0.17,0.22,0.34,0.53,0.69,1.11,1.38
05/13/20,0.10,0.10,0.13,0.15,0.15,0.16,0.20,0.31,0.50,0.64,1.07,1.35
05/14/20,0.09,0.10,0.12,0.15,0.15,0.16,0.20,0.31,0.48,0.63,1.03,1.30
05/15/20,0.09,0.09,0.12,0.15,0.15,0.16,0.19,0.31,0.49,0.64,1.05,1.32
05/18/20,0.10,0.11,0.13,0.15,0.17,0.18,0.24,0.38,0.57,0.73,1.17,1.44
05/19/20,0.09,0.11,0.13,0.15,0.16,0.17,0.22,0.35,0.54,0.70,1.15,1.43
05/20/20,0.08,0.11,0.12,0.14,0.16,0.16,0.21,0.34,0.53,0.68,1.19,1.40
05/21/20,0.09,0.11,0.12,0.14,0.16,0.17,0.21,0.35,0.53,0.68,1.16,1.40
05/22/20,0.09,0.11,0.12,0.16,0.17,0.17,0.21,0.34,0.51,0.66,1.12,1.37
05/26/20,0.10,0.12,0.14,0.17,0.17,0.18,0.22,0.35,0.53,0.69,1.19,1.43
05/27/20,0.11,0.14,0.15,0.17,0.18,0.19,0.22,0.34,0.52,0.68,1.19,1.44
05/28/20,0.14,0.15,0.15,0.18,0.17,0.17,0.22,0.34,0.54,0.70,1.23,1.47
05/29/20,0.13,0.14,0.14,0.18,0.17,0.16,0.19,0.30,0.50,0.65,1.18,1.41
06/01/20,0.12,0.14,0.14,0.18,0.17,0.14,0.20,0.31,0.50,0.66,1.22,1.46
06/02/20,0.12,0.13,0.15,0.18,0.17,0.17,0.20,0.32,0.52,0.68,1.24,1.48
06/03/20,0.12,0.14,0.16,0.19,0.17,0.19,0.26,0.38,0.59,0.77,1.32,1.56
06/04/20,0.13,0.15,0.15,0.18,0.17,0.19,0.26,0.40,0.63,0.82,1.38,1.61
06/05/20,0.13,0.14,0.15,0.18,0.18,0.22,0.29,0.47,0.71,0.91,1.46,1.68
06/08/20,0.15,0.15,0.17,0.19,0.19,0.22,0.29,0.45,0.69,0.88,1.43,1.65
06/09/20,0.14,0.17,0.19,0.19,0.19,0.20,0.25,0.40,0.65,0.84,1.37,1.59
06/10/20,0.13,0.16,0.17,0.19,0.18,0.17,0.22,0.33,0.56,0.75,1.31,1.53
06/11/20,0.14,0.16,0.17,0.18,0.19,0.19,0.22,0.32,0.51,0.66,1.19,1.41
06/12/20,0.14,0.15,0.16,0.18,0.18,0.19,0.22,0.33,0.54,0.71,1.24,1.45
06/15/20,0.15,0.16,0.18,0.19,0.17,0.19,0.22,0.33,0.54,0.71,1.24,1.45
06/16/20,0.14,0.15,0.17,0.19,0.18,0.21,0.23,0.34,0.56,0.75,1.31,1.54
06/17/20,0.13,0.15,0.17,0.18,0.19,0.19,0.23,0.34,0.55,0.74,1.30,1.52
06/18/20,0.13,0.14,0.16,0.17,0.19,0.19,0.22,0.34,0.54,0.71,1.24,1.47
06/19/20,0.13,0.14,0.15,0.17,0.18,0.19,0.22,0.33,0.53,0.70,1.23,1.47
06/22/20,0.14,0.15,0.16,0.18,0.17,0.19,0.22,0.34,0.54,0.71,1.23,1.46
06/23/20,0.12,0.14,0.16,0.17,0.18,0.18,0.22,0.33,0.54,0.72,1.25,1.49
06/24/20,0.11,0.14,0.15,0.17,0.17,0.19,0.21,0.33,0.52,0.69,1.21,1.44
06/25/20,0.13,0.14,0.16,0.17,0.17,0.17,0.21,0.32,0.53,0.68,1.20,1.43
06/26/20,0.12,0.15,0.14,0.17,0.17,0.17,0.19,0.30,0.49,0.64,1.15,1.37
06/29/20,0.11,0.14,0.14,0.18,0.16,0.16,0.18,0.28,0.47,0.64,1.16,1.39
06/30/20,0.13,0.14,0.16,0.18,0.16,0.16,0.18,0.29,0.49,0.66,1.18,1.41
07/01/20,0.12,0.12,0.14,0.17,0.16,0.17,0.19,0.31,0.52,0.69,1.20,1.43
07/02/20,0.13,0.14,0.14,0.16,0.16,0.16,0.19,0.29,0.50,0.68,1.20,1.43
07/06/20,0.12,0.14,0.15,0.16,0.16,0.16,0.19,0.31,0.51,0.69,1.21,1.45
07/07/20,0.12,0.14,0.15,0.17,0.15,0.16,0.19,0.29,0.48,0.65,1.15,1.38
07/08/20,0.11,0.13,0.15,0.17,0.15,0.16,0.19,0.30,0.49,0.67,1.16,1.39
07/09/20,0.11,0.12,0.13,0.16,0.15,0.16,0.18,0.28,0.46,0.62,1.09,1.32
07/10/20,0.10,0.12,0.13,0.15,0.15,0.16,0.19,0.30,0.49,0.65,1.12,1.33
07/13/20,0.11,0.12,0.14,0.15,0.16,0.16,0.19,0.30,0.48,0.64,1.11,1.33
07/14/20,0.11,0.14,0.15,0.14,0.17,0.14,0.19,0.28,0.47,0.63,1.09,1.30
07/15/20,0.12,0.13,0.16,0.15,0.15,0.16,0.18,0.28,0.47,0.64,1.11,1.33
07/16/20,0.12,0.11,0.11,0.13,0.14,0.16,0.17,0.28,0.46,0.62,1.09,1.31
07/17/20,0.11,0.11,0.11,0.13,0.14,0.14,0.18,0.29,0.47,0.64,1.11,1.33
07/20/20,0.11,0.12,0.13,0.14,0.14,0.16,0.18,0.29,0.47,0.62,1.10,1.32
07/21/20,0.09,0.11,0.13,0.13,0.15,0.14,0.17,0.27,0.45,0.61,1.09,1.31
07/22/20,0.09,0.12,0.13,0.14,0.14,0.14,0.17,0.27,0.45,0.60,1.08,1.29
07/23/20,0.09,0.11,0.12,0.13,0.14,0.16,0.16,0.27,0.44,0.59,1.03,1.24
07/24/20,0.10,0.11,0.11,0.14,0.16,0.14,0.17,0.27,0.44,0.59,1.03,1.23
07/27/20,0.10,0.10,0.11,0.14,0.14,0.15,0.18,0.30,0.46,0.62,1.05,1.25
07/28/20,0.09,0.11,0.11,0.12,0.14,0.14,0.16,0.26,0.44,0.59,1.01,1.22
07/29/20,0.09,0.10,0.11,0.12,0.13,0.12,0.15,0.25,0.43,0.58,1.03,1.24
07/30/20,0.10,0.10,0.09,0.11,0.11,0.11,0.14,0.23,0.40,0.55,0.98,1.20
07/31/20,0.09,0.09,0.09,0.10,0.11,0.11,0.11,0.21,0.39,0.55,0.98,1.20
08/03/20,0.09,0.09,0.10,0.11,0.12,0.11,0.13,0.22,0.40,0.56,1.01,1.23
08/04/20,0.09,0.09,0.09,0.11,0.14,0.11,0.10,0.19,0.36,0.52,0.96,1.19
08/05/20,0.08,0.09,0.10,0.12,0.12,0.11,0.13,0.22,0.39,0.55,1.00,1.22
08/06/20,0.07,0.11,0.10,0.11,0.14,0.11,0.13,0.21,0.39,0.55,0.98,1.20
08/07/20,0.08,0.09,0.10,0.12,0.14,0.13,0.14,0.23,0.41,0.57,1.01,1.23
08/10/20,0.09,0.11,0.11,0.13,0.13,0.14,0.15,0.24,0.42,0.59,1.04,1.25
08/11/20,0.08,0.10,0.11,0.12,0.15,0.16,0.18,0.27,0.46,0.64,1.10,1.32
08/12/20,0.08,0.10,0.11,0.12,0.13,0.16,0.19,0.30,0.50,0.69,1.15,1.37
08/13/20,0.08,0.10,0.10,0.12,0.14,0.16,0.19,0.32,0.52,0.71,1.20,1.42
08/14/20,0.09,0.10,0.10,0.12,0.13,0.14,0.18,0.29,0.51,0.71,1.21,1.45
08/17/20,0.09,0.10,0.10,0.12,0.13,0.14,0.18,0.29,0.49,0.69,1.19,1.43
08/18/20,0.08,0.09,0.09,0.13,0.13,0.14,0.17,0.27,0.47,0.67,1.16,1.40
08/19/20,0.07,0.09,0.11,0.12,0.13,0.14,0.17,0.29,0.48,0.68,1.20,1.42
08/20/20,0.08,0.09,0.11,0.13,0.12,0.13,0.15,0.26,0.46,0.65,1.15,1.38
08/21/20,0.07,0.09,0.10,0.12,0.13,0.16,0.16,0.27,0.46,0.64,1.13,1.35
08/24/20,0.09,0.10,0.12,0.12,0.14,0.14,0.18,0.28,0.47,0.65,1.14,1.35
08/25/20,0.08,0.10,0.11,0.12,0.13,0.15,0.18,0.30,0.49,0.69,1.18,1.39
08/26/20,0.08,0.10,0.11,0.12,0.12,0.16,0.18,0.28,0.50,0.69,1.20,1.41
08/27/20,0.09,0.10,0.11,0.11,0.13,0.16,0.19,0.31,0.53,0.74,1.28,1.50
08/28/20,0.09,0.09,0.10,0.11,0.12,0.14,0.16,0.28,0.51,0.74,1.29,1.52
08/31/20,0.08,0.10,0.11,0.13,0.12,0.14,0.15,0.28,0.50,0.72,1.26,1.49
09/01/20,0.09,0.11,0.12,0.13,0.12,0.13,0.14,0.26,0.46,0.68,1.20,1.43
09/02/20,0.10,0.10,0.12,0.12,0.13,0.14,0.16,0.26,0.45,0.66,1.16,1.38
09/03/20,0.10,0.11,0.11,0.12,0.12,0.13,0.15,0.24,0.43,0.63,1.13,1.34
09/04/20,0.09,0.10,0.11,0.12,0.13,0.14,0.18,0.30,0.50,0.72,1.25,1.46
09/08/20,0.10,0.10,0.13,0.14,0.15,0.14,0.17,0.28,0.47,0.69,1.22,1.43
09/09/20,0.10,0.11,0.12,0.14,0.14,0.14,0.17,0.28,0.48,0.71,1.25,1.45
09/10/20,0.10,0.11,0.12,0.12,0.15,0.14,0.17,0.26,0.46,0.68,1.22,1.43
09/11/20,0.10,0.11,0.11,0.12,0.13,0.13,0.16,0.26,0.45,0.67,1.21,1.42
09/14/20,0.10,0.11,0.11,0.13,0.14,0.14,0.16,0.27,0.46,0.68,1.21,1.42
09/15/20,0.09,0.10,0.11,0.12,0.13,0.14,0.16,0.27,0.46,0.68,1.21,1.43
09/16/20,0.08,0.11,0.12,0.12,0.12,0.14,0.16,0.28,0.47,0.69,1.23,1.45
09/17/20,0.09,0.09,0.09,0.11,0.12,0.13,0.16,0.28,0.47,0.69,1.22,1.43
09/18/20,0.09,0.10,0.10,0.12,0.13,0.14,0.16,0.29,0.48,0.70,1.24,1.45
09/21/20,0.09,0.10,0.10,0.11,0.12,0.14,0.16,0.27,0.46,0.68,1.22,1.43
09/22/20,0.08,0.09,0.10,0.11,0.12,0.13,0.15,0.27,0.46,0.68,1.21,1.42
09/23/20,0.08,0.09,0.11,0.11,0.13,0.14,0.15,0.28,0.46,0.68,1.21,1.42
09/24/20,0.08,0.09,0.10,0.11,0.12,0.14,0.16,0.27,0.46,0.67,1.19,1.40
09/25/20,0.08,0.09,0.10,0.11,0.12,0.12,0.15,0.26,0.45,0.66,1.19,1.40
09/28/20,0.09,0.10,0.11,0.11,0.12,0.14,0.16,0.26,0.46,0.67,1.20,1.42
09/29/20,0.07,0.08,0.09,0.11,0.12,0.11,0.13,0.24,0.44,0.66,1.19,1.41
09/30/20,0.08,0.08,0.10,0.11,0.12,0.13,0.16,0.28,0.47,0.69,1.23,1.46
10/01/20,0.09,0.09,0.09,0.10,0.12,0.14,0.16,0.27,0.46,0.68,1.23,1.45
10/02/20,0.10,0.09,0.09,0.11,0.12,0.13,0.16,0.28,0.48,0.70,1.25,1.48
10/05/20,0.09,0.10,0.10,0.11,0.12,0.14,0.19,0.33,0.55,0.78,1.34,1.57
10/06/20,0.08,0.09,0.10,0.11,0.14,0.14,0.17,0.32,0.53,0.76,1.33,1.56
10/07/20,0.08,0.09,0.10,0.12,0.13,0.16,0.21,0.35,0.56,0.81,1.37,1.60
10/08/20,0.09,0.09,0.09,0.12,0.13,0.13,0.18,0.33,0.54,0.78,1.34,1.57
10/09/20,0.10,0.11,0.10,0.12,0.15,0.16,0.20,0.34,0.55,0.79,1.34,1.58
10/13/20,0.09,0.09,0.11,0.12,0.13,0.16,0.18,0.31,0.52,0.74,1.29,1.52
10/14/20,0.10,0.10,0.12,0.12,0.13,0.14,0.18,0.30,0.51,0.73,1.28,1.50
10/15/20,0.10,0.10,0.11,0.12,0.12,0.14,0.18,0.32,0.52,0.74,1.29,1.52
10/16/20,0.09,0.10,0.11,0.12,0.12,0.14,0.18,0.32,0.53,0.76,1.30,1.52
10/19/20,0.09,0.10,0.11,0.11,0.13,0.16,0.19,0.34,0.54,0.78,1.32,1.55
10/20/20,0.08,0.09,0.10,0.12,0.13,0.14,0.19,0.34,0.57,0.81,1.37,1.60
10/21/20,0.08,0.09,0.10,0.12,0.13,0.14,0.20,0.36,0.58,0.83,1.40,1.62
10/22/20,0.09,0.09,0.09,0.11,0.13,0.16,0.21,0.38,0.62,0.87,1.43,1.67
10/23/20,0.08,0.09,0.10,0.11,0.12,0.18,0.21,0.37,0.61,0.85,1.41,1.64
10/26/20,0.08,0.09,0.11,0.12,0.12,0.16,0.18,0.35,0.58,0.81,1.37,1.59
10/27/20,0.08,0.09,0.10,0.11,0.12,0.16,0.19,0.34,0.56,0.79,1.34,1.57
10/28/20,0.07,0.09,0.10,0.11,0.12,0.16,0.19,0.34,0.56,0.79,1.34,1.56
10/29/20,0.08,0.10,0.09,0.10,0.12,0.16,0.20,0.38,0.61,0.85,1.39,1.62
10/30/20,0.08,0.09,0.09,0.11,0.13,0.14,0.19,0.38,0.64,0.88,1.43,1.65
11/02/20,0.09,0.09,0.09,0.11,0.13,0.16,0.20,0.38,0.63,0.87,1.41,1.63
11/03/20,0.09,0.10,0.10,0.12,0.14,0.17,0.21,0.39,0.65,0.90,1.44,1.66
11/04/20,0.08,0.09,0.10,0.10,0.12,0.14,0.18,0.33,0.55,0.78,1.33,1.55
11/05/20,0.09,0.10,0.10,0.10,0.12,0.14,0.18,0.33,0.56,0.79,1.32,1.54
11/06/20,0.10,0.10,0.10,0.11,0.12,0.16,0.21,0.36,0.59,0.83,1.37,1.60
11/09/20,0.10,0.10,0.11,0.11,0.12,0.17,0.25,0.44,0.70,0.96,1.51,1.73
11/10/20,0.09,0.09,0.10,0.11,0.12,0.19,0.26,0.46,0.72,0.98,1.53,1.75
11/12/20,0.10,0.11,0.10,0.10,0.13,0.17,0.23,0.40,0.64,0.88,1.42,1.64
11/13/20,0.10,0.09,0.09,0.10,0.12,0.17,0.23,0.41,0.65,0.89,1.43,1.65
11/16/20,0.09,0.10,0.09,0.12,0.12,0.19,0.24,0.41,0.66,0.91,1.44,1.66
11/17/20,0.08,0.08,0.09,0.10,0.12,0.18,0.22,0.39,0.63,0.87,1.40,1.62
11/18/20,0.07,0.09,0.09,0.10,0.11,0.16,0.22,0.40,0.64,0.88,1.42,1.62
11/19/20,0.08,0.08,0.07,0.10,0.11,0.18,0.22,0.39,0.63,0.86,1.38,1.58
11/20/20,0.09,0.09,0.07,0.10,0.11,0.16,0.21,0.38,0.62,0.83,1.33,1.53
11/23/20,0.08,0.08,0.08,0.08,0.10,0.16,0.22,0.39,0.64,0.86,1.36,1.56
11/24/20,0.08,0.08,0.09,0.10,0.11,0.16,0.22,0.39,0.65,0.88,1.40,1.60
11/25/20,0.07,0.07,0.09,0.09,0.11,0.17,0.21,0.39,0.65,0.88,1.41,1.62
11/27/20,0.09,0.09,0.09,0.10,0.11,0.16,0.20,0.37,0.61,0.84,1.36,1.57
11/30/20,0.08,0.08,0.08,0.09,0.11,0.16,0.19,0.36,0.62,0.84,1.37,1.58
12/01/20,0.07,0.07,0.09,0.10,0.12,0.17,0.22,0.42,0.68,0.92,1.46,1.66
12/02/20,0.07,0.08,0.09,0.10,0.11,0.16,0.22,0.42,0.69,0.95,1.50,1.70
12/03/20,0.08,0.08,0.08,0.09,0.10,0.16,0.21,0.40,0.67,0.92,1.46,1.67
12/04/20,0.07,0.07,0.09,0.10,0.11,0.16,0.21,0.42,0.70,0.97,1.53,1.73
12/07/20,0.09,0.08,0.08,0.10,0.10,0.14,0.20,0.40,0.67,0.94,1.49,1.69
12/08/20,0.08,0.08,0.09,0.09,0.10,0.14,0.20,0.39,0.65,0.92,1.46,1.67
12/09/20,0.07,0.07,0.08,0.09,0.10,0.16,0.21,0.41,0.68,0.95,1.48,1.69
12/10/20,0.07,0.08,0.08,0.09,0.10,0.14,0.20,0.39,0.65,0.92,1.44,1.65
12/11/20,0.08,0.08,0.08,0.08,0.10,0.11,0.18,0.37,0.63,0.90,1.42,1.63
12/14/20,0.07,0.08,0.09,0.08,0.10,0.13,0.17,0.37,0.63,0.90,1.43,1.63
12/15/20,0.07,0.08,0.08,0.08,0.09,0.11,0.18,0.37,0.64,0.92,1.45,1.65
12/16/20,0.08,0.08,0.09,0.09,0.09,0.13,0.18,0.37,0.64,0.92,1.46,1.66
12/17/20,0.08,0.09,0.08,0.09,0.09,0.13,0.19,0.38,0.66,0.94,1.47,1.68
12/18/20,0.08,0.08,0.08,0.09,0.09,0.13,0.19,0.39,0.67,0.95,1.49,1.70
12/21/20,0.08,0.09,0.09,0.09,0.09,0.13,0.18,0.39,0.66,0.95,1.48,1.68
12/22/20,0.07,0.09,0.09,0.09,0.09,0.13,0.17,0.37,0.64,0.93,1.45,1.65
12/23/20,0.07,0.08,0.09,0.09,0.09,0.13,0.18,0.38,0.67,0.96,1.49,1.70
12/24/20,0.09,0.09,0.09,0.09,0.10,0.13,0.17,0.37,0.66,0.94,1.46,1.66
12/28/20,0.09,0.10,0.11,0.11,0.11,0.13,0.17,0.38,0.65,0.94,1.46,1.67
12/29/20,0.08,0.09,0.10,0.12,0.11,0.12,0.17,0.37,0.66,0.94,1.47,1.67
12/30/20,0.06,0.06,0.08,0.09,0.12,0.12,0.17,0.37,0.66,0.93,1.46,1.66
12/31/20,0.08,0.08,0.09,0.09,0.10,0.13,0.17,0.36,0.65,0.93,1.45,1.65
01/04/21,0.09,0.09,0.09,0.09,0.10,0.11,0.16,0.36,0.64,0.93,1.46,1.66
01/05/21,0.08,0.09,0.09,0.09,0.10,0.13,0.17,0.38,0.66,0.96,1.49,1.70
01/06/21,0.09,0.09,0.09,0.09,0.11,0.14,0.20,0.43,0.74,1.04,1.60,1.81
01/07/21,0.09,0.09,0.09,0.09,0.11,0.14,0.22,0.46,0.78,1.08,1.64,1.85
01/08/21,0.08,0.08,0.08,0.09,0.10,0.14,0.24,0.49,0.81,1.13,1.67,1.87
01/11/21,0.09,0.08,0.08,0.10,0.10,0.14,0.22,0.50,0.84,1.15,1.68,1.88
01/12/21,0.09,0.08,0.09,0.09,0.11,0.14,0.23,0.50,0.83,1.15,1.68,1.88
01/13/21,0.09,0.08,0.09,0.10,0.12,0.14,0.22,0.48,0.80,1.10,1.63,1.82
01/14/21,0.09,0.09,0.09,0.09,0.10,0.16,0.23,0.49,0.82,1.15,1.69,1.88
01/15/21,0.08,0.09,0.09,0.10,0.10,0.13,0.20,0.46,0.78,1.11,1.66,1.85
01/19/21,0.07,0.09,0.09,0.11,0.10,0.14,0.21,0.45,0.78,1.10,1.65,1.84
01/20/21,0.08,0.08,0.08,0.10,0.10,0.13,0.19,0.45,0.78,1.10,1.65,1.84
01/21/21,0.07,0.09,0.09,0.09,0.10,0.13,0.19,0.45,0.79,1.12,1.68,1.87
01/22/21,0.07,0.08,0.08,0.10,0.10,0.13,0.19,0.44,0.77,1.10,1.66,1.85
01/25/21,0.07,0.08,0.09,0.09,0.10,0.13,0.17,0.42,0.73,1.05,1.61,1.80
01/26/21,0.05,0.07,0.07,0.09,0.09,0.11,0.18,0.42,0.74,1.05,1.61,1.80
01/27/21,0.05,0.06,0.08,0.09,0.09,0.12,0.18,0.41,0.72,1.04,1.60,1.79
01/28/21,0.05,0.06,0.07,0.08,0.08,0.12,0.18,0.42,0.75,1.07,1.63,1.81
01/29/21,0.07,0.07,0.06,0.07,0.10,0.11,0.19,0.45,0.79,1.11,1.68,1.87
02/01/21,0.06,0.07,0.07,0.08,0.08,0.11,0.17,0.42,0.76,1.09,1.66,1.84
02/02/21,0.04,0.05,0.07,0.08,0.08,0.11,0.18,0.45,0.79,1.12,1.69,1.87
02/03/21,0.03,0.04,0.04,0.06,0.08,0.11,0.19,0.46,0.81,1.15,1.73,1.92
02/04/21,0.03,0.04,0.04,0.06,0.07,0.11,0.18,0.46,0.81,1.15,1.75,1.93
02/05/21,0.02,0.03,0.03,0.05,0.06,0.09,0.19,0.47,0.83,1.19,1.79,1.97
02/08/21,0.04,0.03,0.05,0.05,0.07,0.11,0.20,0.48,0.83,1.19,1.78,1.96
02/09/21,0.04,0.04,0.04,0.06,0.07,0.11,0.19,0.48,0.83,1.18,1.78,1.95
02/10/21,0.05,0.04,0.05,0.06,0.07,0.11,0.19,0.46,0.80,1.15,1.75,1.92
02/11/21,0.05,0.05,0.05,0.06,0.07,0.11,0.19,0.46,0.81,1.16,1.77,1.94
02/12/21,0.03,0.04,0.04,0.05,0.06,0.11,0.20,0.50,0.85,1.20,1.83,2.01
02/16/21,0.03,0.04,0.04,0.06,0.08,0.13,0.23,0.57,0.94,1.30,1.92,2.08
02/17/21,0.03,0.04,0.04,0.06,0.07,0.11,0.21,0.57,0.94,1.29,1.92,2.06
02/18/21,0.03,0.03,0.03,0.04,0.06,0.11,0.21,0.56,0.94,1.29,1.91,2.08
02/19/21,0.03,0.03,0.04,0.06,0.07,0.11,0.22,0.59,0.98,1.34,1.98,2.14
02/22/21,0.03,0.02,0.03,0.04,0.06,0.11,0.22,0.61,1.00,1.37,2.02,2.19
02/23/21,0.03,0.02,0.04,0.05,0.08,0.11,0.22,0.59,1.00,1.37,2.03,2.21
02/24/21,0.03,0.03,0.03,0.05,0.08,0.12,0.24,0.62,1.02,1.38,2.07,2.24
02/25/21,0.04,0.03,0.04,0.06,0.09,0.17,0.34,0.81,1.23,1.54,2.25,2.33
02/26/21,0.04,0.04,0.04,0.05,0.08,0.14,0.30,0.75,1.15,1.44,2.08,2.17
03/01/21,0.03,0.03,0.05,0.07,0.08,0.13,0.27,0.71,1.12,1.45,2.11,2.23
03/02/21,0.04,0.04,0.04,0.06,0.08,0.13,0.26,0.67,1.08,1.42,2.09,2.21
03/03/21,0.04,0.04,0.05,0.07,0.08,0.14,0.29,0.73,1.14,1.47,2.12,2.25
03/04/21,0.03,0.05,0.04,0.07,0.08,0.14,0.32,0.77,1.21,1.54,2.18,2.30
03/05/21,0.04,0.04,0.04,0.07,0.08,0.14,0.32,0.79,1.23,1.56,2.18,2.28
03/08/21,0.04,0.04,0.05,0.06,0.09,0.17,0.34,0.86,1.28,1.59,2.20,2.31
03/09/21,0.04,0.04,0.05,0.07,0.10,0.17,0.35,0.83,1.23,1.55,2.16,2.26
03/10/21,0.03,0.03,0.04,0.06,0.08,0.16,0.32,0.80,1.20,1.53,2.15,2.24
03/11/21,0.04,0.04,0.04,0.05,0.08,0.14,0.31,0.78,1.20,1.54,2.18,2.29
03/12/21,0.03,0.03,0.04,0.06,0.09,0.14,0.34,0.85,1.30,1.64,2.31,2.40
03/15/21,0.02,0.02,0.04,0.06,0.08,0.14,0.33,0.84,1.28,1.62,2.27,2.37
03/16/21,0.01,0.02,0.02,0.06,0.07,0.15,0.33,0.83,1.28,1.62,2.30,2.38
03/17/21,0.01,0.02,0.02,0.05,0.07,0.13,0.29,0.80,1.27,1.63,2.32,2.42
03/18/21,0.01,0.01,0.01,0.03,0.08,0.16,0.33,0.86,1.35,1.71,2.36,2.45
03/19/21,0.01,0.01,0.01,0.03,0.07,0.16,0.33,0.90,1.38,1.74,2.36,2.45
03/22/21,0.02,0.02,0.03,0.05,0.06,0.15,0.32,0.87,1.34,1.69,2.29,2.38
03/23/21,0.02,0.02,0.01,0.04,0.08,0.15,0.31,0.83,1.29,1.63,2.24,2.34
03/24/21,0.02,0.02,0.02,0.04,0.07,0.14,0.31,0.83,1.27,1.62,2.21,2.31
03/25/21,0.02,0.03,0.02,0.04,0.07,0.14,0.30,0.82,1.29,1.63,2.24,2.34
03/26/21,0.02,0.02,0.02,0.04,0.06,0.14,0.31,0.85,1.32,1.67,2.27,2.37
03/29/21,0.02,0.03,0.03,0.04,0.06,0.14,0.32,0.89,1.37,1.73,2.32,2.43
03/30/21,0.01,0.01,0.02,0.04,0.06,0.16,0.33,0.90,1.39,1.73,2.29,2.38
03/31/21,0.01,0.01,0.03,0.05,0.07,0.16,0.35,0.92,1.40,1.74,2.31,2.41
04/01/21,0.02,0.02,0.02,0.04,0.06,0.17,0.35,0.90,1.37,1.69,2.24,2.34
04/02/21,0.02,0.02,0.02,0.04,0.07,0.19,0.39,0.97,1.42,1.72,2.27,2.35
04/05/21,0.03,0.02,0.03,0.04,0.06,0.17,0.37,0.94,1.40,1.73,2.28,2.36
04/06/21,0.02,0.02,0.02,0.04,0.06,0.16,0.35,0.88,1.34,1.67,2.24,2.32
04/07/21,0.01,0.02,0.02,0.04,0.06,0.16,0.34,0.87,1.34,1.68,2.26,2.35
04/08/21,0.02,0.02,0.01,0.04,0.05,0.14,0.33,0.85,1.30,1.64,2.22,2.32
04/09/21,0.02,0.01,0.02,0.03,0.06,0.16,0.35,0.87,1.33,1.67,2.23,2.34
04/12/21,0.02,0.02,0.02,0.04,0.06,0.18,0.38,0.89,1.35,1.69,2.24,2.34
04/13/21,0.03,0.02,0.03,0.05,0.06,0.16,0.35,0.85,1.29,1.64,2.21,2.32
04/14/21,0.02,0.02,0.02,0.04,0.06,0.16,0.35,0.87,1.31,1.64,2.22,2.32
04/15/21,0.02,0.01,0.02,0.04,0.06,0.16,0.32,0.81,1.24,1.56,2.13,2.23
04/16/21,0.02,0.02,0.02,0.04,0.06,0.16,0.34,0.84,1.26,1.59,2.15,2.26
04/19/21,0.01,0.02,0.02,0.04,0.08,0.16,0.34,0.85,1.28,1.61,2.18,2.29
04/20/21,0.01,0.02,0.03,0.04,0.07,0.15,0.31,0.81,1.25,1.58,2.16,2.27
04/21/21,0.00,0.02,0.03,0.04,0.07,0.15,0.32,0.81,1.24,1.57,2.16,2.26
04/22/21,0.02,0.02,0.03,0.04,0.06,0.16,0.32,0.81,1.24,1.57,2.13,2.24
04/23/21,0.01,0.02,0.03,0.03,0.07,0.16,0.34,0.83,1.26,1.58,2.14,2.25
04/26/21,0.02,0.02,0.03,0.04,0.06,0.18,0.35,0.85,1.27,1.58,2.13,2.24
04/27/21,0.01,0.02,0.01,0.04,0.06,0.17,0.36,0.88,1.32,1.63,2.18,2.29
04/28/21,0.01,0.01,0.01,0.04,0.05,0.17,0.35,0.86,1.31,1.63,2.19,2.29
04/29/21,0.01,0.01,0.01,0.04,0.05,0.16,0.35,0.86,1.32,1.65,2.20,2.31
04/30/21,0.01,0.02,0.01,0.03,0.05,0.16,0.35,0.86,1.32,1.65,2.19,2.30
05/03/21,0.02,0.02,0.04,0.04,0.06,0.16,0.33,0.84,1.29,1.63,2.18,2.30
05/04/21,0.01,0.01,0.02,0.04,0.06,0.16,0.33,0.82,1.28,1.61,2.16,2.27
05/05/21,0.01,0.01,0.02,0.04,0.06,0.16,0.32,0.80,1.25,1.59,2.14,2.25
05/06/21,0.01,0.02,0.02,0.04,0.05,0.16,0.32,0.81,1.25,1.58,2.14,2.24
05/07/21,0.01,0.01,0.02,0.04,0.05,0.14,0.29,0.77,1.24,1.60,2.17,2.28
05/10/21,0.02,0.01,0.02,0.04,0.05,0.16,0.32,0.80,1.27,1.63,2.20,2.32
05/11/21,0.01,0.01,0.01,0.04,0.05,0.16,0.31,0.80,1.28,1.64,2.23,2.35
05/12/21,0.01,0.02,0.02,0.04,0.05,0.16,0.35,0.87,1.34,1.69,2.29,2.40
05/13/21,0.00,0.01,0.02,0.03,0.05,0.16,0.33,0.84,1.31,1.66,2.28,2.39
05/14/21,0.01,0.01,0.01,0.03,0.06,0.16,0.33,0.82,1.29,1.63,2.25,2.35
05/17/21,0.00,0.01,0.02,0.04,0.06,0.16,0.34,0.84,1.30,1.64,2.27,2.36
05/18/21,0.00,0.01,0.02,0.03,0.06,0.16,0.34,0.83,1.29,1.64,2.27,2.37
05/19/21,0.00,0.01,0.01,0.03,0.05,0.16,0.35,0.87,1.34,1.68,2.30,2.38
05/20/21,0.01,0.01,0.01,0.03,0.05,0.15,0.34,0.83,1.29,1.63,2.25,2.34
05/21/21,0.00,0.01,0.01,0.02,0.04,0.17,0.34,0.84,1.29,1.63,2.24,2.33
05/24/21,0.01,0.01,0.02,0.03,0.04,0.15,0.32,0.82,1.28,1.61,2.22,2.31
05/25/21,0.01,0.01,0.02,0.04,0.04,0.15,0.30,0.79,1.23,1.56,2.16,2.26
05/26/21,0.00,0.00,0.02,0.04,0.04,0.14,0.31,0.80,1.24,1.58,2.17,2.27
05/27/21,0.00,0.01,0.02,0.04,0.04,0.14,0.31,0.81,1.28,1.61,2.20,2.29
